CustomerID,ActualChurn,PredictedLabel,ChurnProbability
4376-KFVRS,0,0,0.0013
2754-SDJRD,0,1,0.9779
9917-KWRBE,0,0,0.2312
0365-GXEZS,0,1,0.5388
9385-NXKDA,0,0,0.0003
4686-UXDML,0,1,0.6163
2227-JRSJX,0,1,0.6489
4830-FAXFM,0,0,0.2938
1830-IPXVJ,0,0,0.0057
4690-LLKUA,1,1,0.8202
5804-HYIEZ,0,0,0.4422
2388-LAESQ,0,0,0.0012
5533-RJFTJ,0,0,0.3303
4706-AXVKM,1,1,0.8465
0997-YTLNY,0,0,0.1249
7971-HLVXI,0,0,0.0027
7337-CINUD,0,0,0.0019
1379-FRVEB,0,1,0.8798
4753-PADAS,0,0,0.4612
5701-GUXDC,0,0,0.0477
7235-NXZCP,1,1,0.7456
0668-OGMHD,0,1,0.6611
2812-REYAT,0,0,0.0043
8779-YIQQA,0,0,0.0211
9701-CDXHR,0,0,0.0756
7130-CTCUS,0,0,0.4277
1894-IGFSG,1,1,0.5611
0871-URUWO,1,1,0.952
0057-QBUQH,0,0,0.0142
9611-CTWIH,1,1,0.7161
8058-DMYRU,0,1,0.527
5351-QESIO,0,0,0.4423
4302-ZYFEL,0,0,1e-04
6134-KWTBV,0,0,0.0034
2034-GDRCN,1,1,0.9348
9544-PYPSJ,0,0,0.1252
4208-UFFGW,1,1,0.7414
9537-JALFH,0,0,0.001
4415-IJZTP,1,1,0.968
4701-MLJPN,1,0,0.1448
7515-LODFU,0,0,0.0004
4927-WWOOZ,0,1,0.9759
4067-HLYQI,0,1,0.7824
6184-DYUOB,0,0,0.155
9209-NWPGU,0,0,0.0681
9851-KIELU,1,1,0.5591
3199-XGZCY,0,1,0.818
4226-KKDON,0,0,0.2349
1085-LDWAM,0,0,0.0003
6825-UYPFK,1,0,0.2334
1767-CJKBA,0,0,0.0013
7181-BQYBV,1,1,0.9601
0178-CIIKR,0,0,0.1643
4256-ZWTZI,0,1,0.7995
9537-VHDTA,0,1,0.5743
2754-XBHTB,1,1,0.8291
5975-BAICR,0,0,0.02
3301-VKTGC,0,0,0.0294
2877-VDUER,0,0,0.0188
7717-BICXI,0,0,0.002
0562-FGDCR,0,0,0.0
3705-PSNGL,1,0,0.0009
0048-LUMLS,0,0,0.0777
6497-TILVL,0,1,0.5432
2108-YKQTY,1,1,0.5986
3658-KIBGF,1,1,0.6799
5482-NUPNA,1,0,0.2845
7410-KTVFV,1,0,0.239
9033-EOXWV,1,0,0.2058
8821-XNHVZ,1,1,0.9651
8224-KDLKN,0,0,0.0003
4825-FUREZ,0,0,0.0013
7534-BFESC,1,1,0.7636
9138-EFSMO,0,0,0.0993
4227-OJHAL,0,0,0.0909
7279-NMVJC,0,0,0.0683
8591-TKMZH,0,0,0.007
9283-LZQOH,1,1,0.7539
3594-IVHJZ,0,0,0.1887
1945-XISKS,0,0,0.0047
4359-INNWN,0,0,0.0518
7649-SIJJF,0,0,0.0
9254-RBFON,1,0,0.0792
0970-ETWGE,1,1,0.9093
7762-ONLJY,0,0,0.1438
6710-HSJRD,0,0,0.1084
8873-GLDMH,0,1,0.8936
9907-SWKKF,1,1,0.9389
4658-HCOHW,1,1,0.6774
9330-VOFSZ,0,0,0.038
2860-RANUS,1,0,0.4853
6234-PFPXL,0,0,0.4054
7205-BAIAD,0,0,0.0007
3858-VOBET,1,1,0.6731
5103-MHMHY,1,1,0.775
6119-SPUDB,0,0,0.0056
9389-ACWBI,0,1,0.699
3454-JFUBC,0,0,0.0004
1768-ZAIFU,1,1,0.9715
7017-VFULY,0,0,0.0918
9221-OTIVJ,1,1,0.8163
2482-CZGBB,1,1,0.768
7018-WBJNK,0,1,0.7023
3331-HQDTW,1,0,0.0455
4695-VADHF,1,0,0.291
4086-WITJG,0,0,0.0003
6297-NOOPG,0,0,0.0291
8777-PVYGU,0,0,0.0019
4378-MYPGO,0,0,0.0246
9313-CDOGY,0,0,0.0252
4121-AGSIN,0,0,0.0205
0432-CAJZV,0,1,0.8379
9097-ZUBYC,0,0,0.1966
9638-JIQYA,0,1,0.6176
1024-GUALD,1,1,0.7317
8024-XNAFQ,0,0,0.0012
7587-RZNME,1,1,0.7807
1346-UFHAX,0,0,0.4155
6374-NTQLP,0,0,0.0548
6625-FLENO,0,0,0.0243
7375-WMVMT,0,0,0.0013
6910-HADCM,1,1,0.9803
7401-JIXNM,0,0,0.0047
7338-ERIVA,0,0,0.0089
5376-DEQCP,1,1,0.8779
0909-SELIE,0,0,0.0007
5419-KLXBN,1,0,0.4956
0365-TRTPY,0,0,0.077
6712-OAWRH,1,1,0.8057
2428-ZMCTB,0,0,0.3099
1963-VAUKV,1,0,0.2247
9381-NDKME,1,1,0.7034
3729-OWRVL,0,0,0.2214
0895-LMRSF,0,0,0.1604
2676-SSLTO,0,0,0.0586
8495-PRWFH,0,0,0.4769
9030-QGZNL,0,0,0.0089
9972-NKTFD,0,0,0.0609
7998-WNZEM,0,0,1e-04
0979-PHULV,1,1,0.7985
6445-TNRXS,0,0,0.0498
9586-JGQKH,0,0,0.0081
3966-HRMZA,0,1,0.5618
5498-IBWPI,0,0,0.0216
6823-SIDFQ,0,0,1e-04
2323-ARSVR,0,0,0.077
5468-BPMMO,0,0,0.0568
0486-HECZI,1,1,0.6654
2178-PMGCJ,0,1,0.5828
4660-IRIBM,0,1,0.564
9674-EHPPG,0,0,0.0082
5606-AMZBO,0,1,0.7547
0665-XHDJU,0,0,0.0525
5402-HTOTQ,0,1,0.6097
8258-GSTJK,1,1,0.9476
3787-TRIAL,0,0,0.316
6175-IRFIT,0,1,0.8902
6317-YPKDH,1,0,0.4634
5692-FPTAH,1,1,0.8314
5373-SFODM,1,0,0.4922
0868-VJRDR,0,0,0.0089
4079-VTGLK,0,0,0.0151
1166-PQLGG,0,0,0.0004
5296-BFCYD,0,0,0.0012
6568-POCUI,0,0,0.0165
2839-RFSQE,1,0,0.1246
2188-SXWVT,0,0,0.0147
8849-GYOKR,1,0,0.1033
3623-FQBOX,0,0,0.0289
2649-HWLYB,0,0,0.3269
0599-XNYDO,0,0,0.3573
2514-GINMM,1,1,0.9851
8401-EMUWF,0,0,0.122
5766-ZJYBB,1,0,0.3908
2604-IJPDU,0,1,0.7934
2501-XWWTZ,0,1,0.5292
6370-ZVHDV,0,0,0.0096
3027-YNWZU,0,0,0.0123
4526-ZJJTM,0,1,0.6941
0440-QEXBZ,0,0,0.1271
0330-IVZHA,1,1,0.6545
9758-MFWGD,0,0,0.1675
4229-CZMLL,1,1,0.9317
0742-MOABM,1,0,0.446
4277-BWBML,0,0,0.001
5136-GFPMB,0,1,0.6026
7520-HQWJU,0,0,0.0337
6304-IJFSQ,1,1,0.7195
0297-RBCSG,0,0,0.1766
6013-BHCAW,0,0,0.0023
4402-FTBXC,0,0,0.0463
1471-GIQKQ,0,0,0.2624
4283-FUTGF,1,1,0.8169
9548-LERKT,0,0,0.002
8059-UDZFY,0,1,0.6249
0410-IPFTY,0,1,0.7328
2478-EEWWM,0,1,0.8383
4619-EVPHY,0,0,0.251
2277-DJJDL,0,0,0.4636
2911-WDXMV,0,0,0.257
3639-XJHKQ,0,0,0.0773
8173-RXAYP,0,0,0.0034
4537-CIBHB,0,0,0.1639
5442-BXVND,0,0,0.157
2308-STERM,0,0,0.2326
7159-NOKYQ,0,0,0.0453
6075-QMNRR,0,0,0.028
3694-GLTJM,0,0,0.0926
9629-NHXFW,0,1,0.7267
7167-PCEYD,0,0,0.0027
2748-MYRVK,1,0,0.3828
4223-WOZCM,0,1,0.9279
6946-LMSQS,1,0,0.133
5469-NUJUR,0,0,0.0045
6388-TABGU,0,0,0.0315
1261-FWTTE,0,0,0.4676
8590-YFFQO,0,0,0.0112
0082-OQIQY,0,1,0.7695
9465-RWMXL,1,1,0.8549
2930-UOTMB,1,0,0.0655
9128-CPXKI,0,0,0.1453
0484-FFVBJ,0,0,0.2045
1100-DDVRV,0,0,0.4174
9313-QOLTZ,0,0,0.0425
3338-CVVEH,0,1,0.9079
1131-SUEKT,0,0,0.111
7602-DBTOU,0,0,0.0016
1385-TQOZW,0,0,0.0318
6892-XPFPU,1,1,0.8776
4115-NZRKS,0,1,0.8124
5514-YQENT,0,0,0.1216
6319-IEJWJ,1,1,0.8326
8849-AYPTR,0,0,0.3666
5893-PYOLZ,0,0,0.0032
7180-PISOG,1,1,0.965
8443-ZRDBZ,1,1,0.9372
9079-YEXQJ,1,0,0.1018
3780-YVMFA,0,1,0.6503
6968-MHOMU,0,0,0.1243
0899-LIIBW,0,0,0.4249
3677-IYRBF,1,1,0.9394
8393-DLHGA,1,1,0.9193
7691-XVTZH,0,0,0.0233
5360-LJCNJ,0,0,0.1139
3891-PUQOD,1,1,0.9002
0952-KMEEH,1,1,0.7156
4919-IKATY,1,1,0.8791
9746-UGFAC,0,0,0.0414
9108-EQPNQ,0,0,0.0095
0531-ZZJWQ,0,1,0.5734
8763-KIAFH,0,0,0.0011
5863-OOKCL,0,0,0.0059
2958-NHPPS,0,0,0.0263
9530-GRMJG,0,0,0.0049
1809-DMJHQ,1,1,0.5314
0164-XAIRP,0,0,0.003
2926-JEJJC,0,0,0.0323
1169-WCVAK,0,0,0.0811
1217-VASWC,0,1,0.5479
2452-KDRRH,0,1,0.5692
6402-EJMWF,0,1,0.7623
7663-CUXZB,0,0,0.1922
4312-KFRXN,0,0,0.0006
3011-WQKSZ,0,0,0.3147
9747-DDZOS,1,1,0.8331
2091-MJTFX,1,0,0.036
0388-EOPEX,1,1,0.7588
3161-ONRWK,0,0,0.0072
2587-EKXTS,0,0,0.1212
9752-ZNQUT,0,1,0.7541
9572-WUKSB,0,1,0.6929
3836-FZSDJ,0,0,0.0007
8805-JNRAZ,0,1,0.5048
3069-SSVSN,0,0,0.1196
8015-IHCGW,0,0,0.0059
8132-YPVBX,0,1,0.8695
0235-KGSLC,1,1,0.8096
1302-UHBDD,0,1,0.7347
3722-WPXTK,1,1,0.9375
7531-GQHME,0,0,0.1033
1335-NTIUC,0,1,0.6091
9367-TCUYN,0,0,0.2745
1536-HBSWP,0,1,0.5739
8573-JGCZW,0,0,0.0115
2694-CIUMO,0,1,0.7007
2027-FECZV,1,1,0.9021
9103-TCIHJ,1,0,0.3599
1545-JFUML,0,0,0.0114
0524-IAVZO,1,1,0.8138
5519-TEEUH,0,0,0.0052
6654-QGBZZ,0,1,0.5807
2294-DMMUS,0,0,0.0152
0017-IUDMW,0,0,0.0067
5018-LXQQG,0,0,0.1549
5808-TOTXO,0,0,0.1008
1174-FGIFN,0,0,0.1146
0730-KOAVE,0,0,0.4305
1218-VKFPE,1,0,0.0079
5313-FPXWG,0,0,0.0193
2834-JKOOW,0,0,0.0142
9430-NKQLY,0,0,0.0002
0363-QJVFX,1,0,0.1105
1658-TJVOA,0,1,0.8651
6685-GBWJZ,0,0,0.0129
6328-ZPBGN,1,1,0.936
4003-FUSHP,0,0,0.3696
7690-KPNCU,0,0,0.0766
2969-WGHQO,0,0,0.0549
1855-CFULU,0,0,0.4989
9788-YTFGE,0,0,0.0917
8266-VBFQL,0,1,0.9042
2325-NBPZG,0,1,0.5898
9906-NHHVC,0,0,0.0753
2541-YGPKE,0,0,0.2982
5049-MUBWG,0,0,0.0285
2332-TODQS,0,0,0.0332
4419-UJMUS,0,0,0.0399
2233-TXSIU,0,0,0.0855
6770-XUAGN,1,1,0.6789
2919-HBCJO,1,1,0.8286
9508-ILZDG,0,0,0.4454
5442-BHQNG,0,1,0.7392
7250-EQKIY,1,1,0.9505
6838-HVLXG,0,0,0.061
9767-FFLEM,0,1,0.5684
2245-ADZFJ,0,0,0.0096
1150-WFARN,1,0,0.1377
9054-FOWNV,0,1,0.8439
7997-EASSD,0,0,0.0008
7560-QJAVJ,0,0,0.0076
2668-TZSPS,0,0,0.1382
9139-WQQDY,1,0,0.0137
6726-NNFWD,0,0,0.0072
9330-DHBFL,0,0,0.2201
5727-MYATE,0,0,0.0003
2824-DXNKN,0,0,0.0026
6166-ILMNY,1,1,0.6929
5236-XMZJY,0,0,0.2105
1709-EJDOX,0,0,0.0091
4962-CHQPW,0,0,0.0019
0301-FIDRB,0,0,0.0003
1820-TQVEV,1,1,0.986
9115-YQHGA,0,0,0.274
1541-ETJZO,1,1,0.6222
6230-BSUXY,1,1,0.9912
6797-LNAQX,1,0,0.0203
9588-YRFHY,0,0,0.0028
1092-GANHU,1,0,0.4709
5951-AOFIH,0,0,0.1641
7029-RPUAV,1,1,0.603
4700-UBQMV,0,0,0.3007
3594-UVONA,1,0,0.1166
7750-EYXWZ,0,0,0.0537
7054-ENNGU,0,0,0.2137
0402-OAMEN,0,0,0.0004
2195-VVRJF,0,0,0.286
8819-ZBYNA,0,0,0.2247
7748-UMTRK,0,0,0.3998
1741-WTPON,0,0,0.0242
7209-JCUDS,1,1,0.7605
2485-ITVKB,1,1,0.8849
9648-BCHKM,0,0,0.0181
0743-HRVFF,0,0,0.0602
2522-AHJXR,0,0,0.0519
9143-CANJF,0,0,0.1818
1444-VVSGW,1,0,0.4666
6898-MDLZW,0,0,0.3062
0074-HDKDG,0,0,0.2588
3982-JGSFD,0,0,0.0008
7928-VJYAB,0,1,0.8809
1522-VVDMG,1,1,0.8564
2665-NPTGL,0,1,0.8985
8728-SKJLR,0,1,0.6197
7733-UDMTP,0,1,0.5079
0431-APWVY,1,0,0.2406
5081-NWSUP,0,0,0.2148
2746-DIJLO,0,0,0.3258
7277-OZCGZ,0,0,0.343
5236-PERKL,1,0,0.0338
2788-CJQAQ,0,0,0.0017
3096-WPXBT,0,0,0.1664
9962-BFPDU,0,1,0.5173
2892-GESUL,0,0,0.0305
9741-YLNTD,0,1,0.8715
1205-WNWPJ,1,0,0.4361
3173-NVMPX,0,0,0.4105
9661-MHUMO,1,0,0.3476
6000-APYLU,1,1,0.7697
0048-PIHNL,0,0,0.0031
9420-LOJKX,1,1,0.7924
7061-OVMIM,0,0,0.0111
5671-RQRLP,0,0,0.0956
5129-JLPIS,0,1,0.7883
5170-PTRKA,0,0,0.0079
4819-HJPIW,0,0,0.3338
8780-RSYYU,0,0,0.0064
2335-GSODA,0,0,0.0036
5696-CEIQJ,0,0,0.0438
6169-PPETC,0,0,0.0007
4237-RLAQD,1,1,0.7775
7359-WWYJV,0,0,0.0012
8620-RJPZN,0,0,0.3714
7426-WEIJX,0,0,0.0928
7629-WIXZF,0,0,0.2823
2616-FLVQC,0,0,0.0109
9163-GHAYE,0,0,0.2519
4464-JCOLN,1,0,0.0156
2971-SGAFL,0,0,0.2629
4735-ASGMA,1,1,0.8786
5245-VDBUR,0,0,0.0246
1493-AMTIE,1,1,0.7196
1112-CUNAO,1,1,0.8385
7571-YXDAD,1,1,0.7808
8714-EUHJO,1,1,0.6371
9040-KZVWO,0,0,0.1055
6713-OKOMC,0,0,0.1141
8749-CLJXC,0,1,0.5348
4713-LZDRV,1,1,0.9327
6598-RFFVI,1,0,0.0034
7470-MCQTK,1,1,0.6858
5524-KHNJP,0,0,0.1647
1707-HABPF,0,0,0.0892
4581-LNWUM,0,1,0.6192
9710-ZUSHQ,1,0,0.4313
1697-LYYYX,0,0,0.0004
4013-GUXND,0,1,0.6044
5022-JNQEQ,0,1,0.6309
4983-CCWMC,0,1,0.6457
6345-FZOQH,0,0,0.0006
0962-CQPWQ,0,0,0.0008
5495-GPSRW,0,0,0.0106
2252-JHJGE,0,0,0.2164
7356-AYNJP,0,0,0.0714
2019-HDCZY,0,0,0.0399
8582-KRHPJ,0,0,0.0249
2867-UIMSS,1,1,0.9456
3487-EARAT,0,0,0.258
9926-PJHDQ,0,0,0.005
0289-IVARM,0,0,0.0888
4672-FOTSD,0,0,0.3149
6198-PNNSZ,0,0,0.2005
7603-USHJS,1,1,0.6891
6784-XYJAE,0,0,0.0414
3858-XHYJO,0,0,0.1229
1087-UDSIH,1,0,0.1954
7251-LJBQN,0,0,0.3714
3200-MNQTF,0,0,0.0856
9359-UGBTK,0,0,0.0113
8160-HOWOX,0,1,0.6573
0258-NOKBL,0,1,0.7671
2800-QQUSO,0,1,0.9069
2129-ALKBS,0,0,0.0695
9972-VAFJJ,0,0,0.1564
4693-VWVBO,0,0,0.1459
6969-MVBAI,0,1,0.9597
4821-WQOYN,0,0,0.0002
6769-DYBQN,1,1,0.7503
4018-PPNDW,0,0,0.0053
6288-CHQJB,0,0,0.0045
4905-JEFDW,1,1,0.6078
0559-CKHUS,0,0,0.0081
2659-VXMWZ,1,0,0.0738
6559-RAKOZ,0,0,0.2653
8809-XKHMD,0,0,0.0016
6365-HITVU,0,0,0.0002
0134-XWXCE,0,0,0.0647
9720-JJJOR,0,0,0.275
2782-LFZVW,0,0,0.1078
6112-KTHFQ,0,0,0.0254
9220-ZNKJI,0,0,0.0365
9820-RMCQV,1,0,0.2411
9013-AQORL,0,0,0.1494
2040-OBMLJ,0,0,0.0345
5574-NXZIU,0,0,0.1833
5446-DKWYW,0,0,0.0208
0480-KYJVA,0,0,1e-04
1074-AMIOH,0,0,0.069
0015-UOCOJ,0,0,0.4441
0256-LTHVJ,1,0,0.3706
4547-LYTDD,1,0,0.3222
1077-HUUJM,0,1,0.928
2041-JIJCI,0,0,0.4915
1555-HAPSU,0,0,0.0003
4323-SADQS,1,0,0.4853
3292-PBZEJ,0,1,0.8838
6203-HBZPA,0,0,0.0117
9755-JHNMN,0,0,0.005
7369-TRPFD,0,0,0.0009
9878-TNQGW,1,1,0.8873
2279-AXJJK,0,1,0.5384
5016-IBERQ,0,1,0.7432
1016-DJTSV,0,1,0.6726
8433-WPJTV,0,0,0.0608
8903-XEBGX,0,1,0.9043
2632-TACXW,0,0,0.0068
7952-OBOYL,0,1,0.942
1470-PSXNM,0,1,0.6183
6227-HWPWX,1,1,0.591
5924-SNGKP,0,0,0.0029
8818-DOPVL,0,1,0.8184
4521-WFJAI,0,0,0.0668
4724-WXVWF,0,1,0.6594
3717-OEAUQ,0,1,0.815
8165-ZJRNM,0,0,0.0003
7838-LAZFO,0,0,0.0963
0513-RBGPE,0,0,0.0142
7251-XFOIL,0,0,0.0177
2525-GVKQU,0,0,0.0055
7579-OOPEC,1,1,0.8556
3795-GWTRD,0,0,0.0016
4750-ZRXIU,1,1,0.8796
5445-PZWGX,1,0,0.012
0516-UXRMT,0,0,0.1181
0727-BNRLG,0,0,0.0082
3932-CMDTD,1,0,0.3552
1264-FUHCX,0,0,0.2678
6194-HBGQN,0,0,0.0256
4524-QCSSM,0,0,0.3557
4570-QHXHL,0,1,0.6823
2972-YDYUW,0,0,0.0541
2061-VVFST,0,0,0.0742
6874-SGLHU,0,0,0.2639
9844-FELAJ,0,0,0.1344
1902-XBTFB,1,1,0.8323
9039-RBEEE,1,0,0.1773
9369-XFEHK,1,1,0.6028
3680-CTHUH,0,0,0.0549
3679-XASPY,0,1,0.5763
9089-UOWJG,0,0,0.311
1574-DYCWE,0,0,0.0043
9779-DPNEJ,0,1,0.5601
2967-MXRAV,0,0,0.0103
0327-WFZSY,0,0,0.2289
1731-TVIUK,1,1,0.9333
7666-WKRON,1,0,0.053
3865-ZYKAD,0,0,0.0486
1465-LNTLJ,0,0,0.1194
2696-RZVZW,0,0,0.002
0685-MLYYM,1,1,0.7116
2778-OCLGR,1,1,0.7894
3982-XWFZQ,1,0,0.3944
4759-PXTAN,0,0,0.0287
1448-PWKYE,1,1,0.9531
8741-LQOBK,0,0,0.2647
8650-RHRKE,1,1,0.8692
7266-GSSJX,0,0,0.0229
1265-HVPZB,0,0,0.0289
9640-ZSLDC,0,0,0.0627
0988-JRWWP,0,1,0.8065
1926-QUZNN,0,0,0.0008
9025-ZRPVR,1,0,0.0509
6527-PZFPV,0,0,0.0033
7460-ITWWP,0,1,0.6243
1530-ZTDOZ,0,0,0.1044
4785-FCIFB,0,0,0.0074
9717-QEBGU,0,1,0.8027
0876-WDUUZ,1,1,0.8791
7881-EVUAD,1,1,0.8885
4002-BQWPQ,0,0,0.1254
6377-WHAOX,0,1,0.677
5027-YOCXN,0,0,0.159
8450-JOVAH,1,0,0.4503
6646-QVXLR,1,0,0.2122
0254-KCJGT,0,0,0.0659
3442-ZHHCC,0,0,0.211
9167-APMXZ,0,1,0.5197
0616-ATFGB,1,1,0.9496
7273-TEFQD,1,1,0.9572
8245-UMPYT,1,1,0.8387
6022-UGGSO,1,1,0.8391
6292-TOSSS,0,0,0.0154
5207-PLSTK,0,1,0.8096
3908-BLSYF,1,1,0.79
4317-VTEOA,1,1,0.9035
0625-AFOHS,0,0,0.0024
4667-OHGKG,1,1,0.6824
2386-OWURY,0,0,0.3217
3780-DDGSE,0,0,0.0691
1047-RNXZV,0,0,0.0041
3926-YZVVX,0,0,0.0483
4742-TXUEX,0,0,0.0024
8709-KRDVL,0,1,0.6056
0397-ZXWQF,0,0,0.0004
3910-MRQOY,0,0,0.0031
2511-MORQY,0,0,0.0315
4039-PIMHX,0,0,0.0437
8083-YTZES,1,1,0.9118
1346-PJWTK,0,0,0.0098
3750-YHRYO,0,0,0.0099
1236-WFCDV,1,1,0.7085
5949-HGVJL,0,0,0.1737
9112-WSNPU,0,1,0.5073
1360-JYXKQ,0,1,0.5929
3585-ISXZP,1,1,0.8939
8380-PEFPE,1,1,0.9487
9402-ROUMJ,0,1,0.5424
4335-UPJSI,0,0,0.0077
6096-EGVTU,0,0,0.0073
8988-ECPJR,1,0,0.3313
7677-SJJJK,0,0,0.0273
5850-BDWCY,0,0,0.3903
2025-JKFWI,1,1,0.8269
8028-PNXHQ,0,0,0.0038
8397-MVTAZ,1,1,0.9256
4445-ZJNMU,0,1,0.9917
3125-RAHBV,0,0,0.0079
6682-QJDGB,1,0,0.1564
8840-DQLGN,1,0,0.1291
6258-NGCNG,0,0,0.3969
5917-RYRMG,0,0,0.0056
7157-SMCFK,0,0,0.0424
0816-TSPHQ,0,0,0.1891
6766-HFKLA,0,0,0.0591
7067-KSAZT,1,1,0.5873
5155-AZQPB,0,0,0.0314
6890-PFRQX,0,0,0.0485
3508-VLHCZ,0,0,0.001
3649-JPUGY,0,0,1e-04
9248-OJYKK,1,1,0.9931
7239-HZZCX,1,0,0.4719
9860-LISIZ,0,0,0.0141
6979-ZNSFF,1,1,0.8545
8938-UMKPI,1,1,0.5905
1820-DJFPH,0,0,0.0006
0732-OCQOC,0,0,0.0023
6776-TLWOI,1,0,0.3375
4940-KHCWD,0,0,0.0174
9057-SIHCH,1,1,0.9513
9866-QEVEE,1,0,0.3123
5542-TBBWB,0,1,0.9731
4587-VVTOX,1,1,0.8812
6322-HRPFA,0,0,0.1534
6284-AHOOQ,1,1,0.704
4530-NDRKU,0,0,0.0016
1751-NCDLI,0,1,0.9302
3893-JRNFS,0,0,0.1689
5857-XRECV,0,0,0.0439
3115-CZMZD,0,0,0.0007
4489-SNOJF,1,0,0.3667
1051-GEJLJ,0,1,0.6479
3563-SVYLG,0,0,0.0016
4301-VVZKA,0,1,0.8194
9351-HXDMR,0,0,0.0088
5161-XEUVX,0,0,0.0598
3088-FVYWK,0,0,0.0631
9812-GHVRI,0,1,0.7583
1370-GGAWX,0,0,0.1336
6023-YEBUP,1,1,0.9776
9940-RHLFB,1,1,0.8243
4541-RMRLG,1,0,0.1494
2606-RMDHZ,1,0,0.2689
5575-TPIZQ,0,0,0.3093
9378-FXTIZ,1,0,0.0475
4631-OACRM,1,1,0.8934
8593-WHYHV,1,1,0.9301
1403-GYAFU,0,0,0.0004
7641-TQFHN,0,0,0.0054
4237-CLSMM,0,0,0.0608
4360-PNRQB,0,0,0.2459
5334-AFQJB,0,0,0.0006
9308-ANMVE,0,0,0.3689
3530-VWVGU,0,0,0.0342
4674-HGNUA,0,0,0.0003
3030-YDNRM,0,1,0.8738
3642-BYHDO,0,0,0.0005
0440-UEDAI,0,0,0.0956
9819-FBNSV,0,1,0.61
9289-LBQVU,0,0,0.0456
4468-YDOVK,0,0,0.4521
2001-EWBQU,0,0,0.1041
9992-UJOEL,0,1,0.844
8409-WQJUX,0,0,0.0185
3077-RSNTJ,0,0,0.2779
6993-YCOBK,0,0,0.0699
4817-VYYWS,1,1,0.5641
4702-HDRKD,0,0,0.0102
3251-YMVWZ,0,0,0.1805
4190-MFLUW,1,0,0.1305
4678-DVQEO,1,1,0.8709
4701-AHWMW,1,0,0.077
2987-BJXIK,0,0,1e-04
1730-VFMWO,0,0,0.049
1936-UAFEH,0,0,0.0792
5140-FOMCQ,0,0,0.2412
8778-LMWTJ,0,1,0.8469
9840-DVNDC,1,1,0.8926
8033-VCZGH,0,0,0.3195
8580-QVLOC,1,0,0.0012
6128-AQBMT,0,1,0.7173
6257-RJOHI,0,1,0.6721
1929-ZCBHE,0,0,0.0421
6242-SGYTS,0,0,0.0178
7010-ZMVBF,0,0,0.0368
3519-ZKXGG,1,1,0.9248
5666-MBJPT,0,0,0.005
3313-QKNKB,1,0,0.1182
7581-EBBOU,0,0,0.0309
1784-BXEFA,0,0,0.0336
7492-TAFJD,0,0,0.0334
5213-TWWJU,0,0,0.1701
3312-ZWLGF,0,1,0.7814
2923-ARZLG,0,0,0.0113
7032-LMBHI,0,0,0.0461
8292-ITGYJ,0,0,0.0102
9107-UKCKY,0,0,0.1185
6848-HJTXY,0,0,0.005
4184-VODJZ,0,0,0.1375
4846-WHAFZ,1,1,0.8394
8735-SDUFN,0,0,0.0006
0839-JTCUD,0,0,0.0053
6857-VWJDT,1,1,0.9597
7363-QTBIW,0,1,0.7988
6158-HDPXZ,0,1,0.7828
5419-CONWX,1,1,0.9101
9286-DOJGF,1,1,0.7731
2408-PSJVE,0,0,0.0212
2087-QAREY,0,0,0.2635
6777-TGHTM,1,0,0.3409
6507-ZJSUR,0,1,0.633
5025-GOOKI,0,0,0.0269
6080-LNESI,0,0,0.0138
2236-HILPA,0,0,0.0007
1386-ZIKUV,0,0,0.0568
3365-SAIGS,0,1,0.5609
6061-GWWAV,0,0,0.0357
9979-RGMZT,0,1,0.8154
8445-DNBAE,0,0,0.351
6872-HXFNF,0,0,0.0068
1320-HTRDR,1,1,0.9087
3923-CSIHK,1,0,0.2905
2446-ZKVAF,0,0,0.2878
4640-UHDOS,1,1,0.6142
5457-COLHT,0,0,0.0003
2254-DLXRI,0,1,0.9876
5339-PXDVH,0,1,0.7031
2386-LAHRK,1,1,0.8837
5062-CJJKH,0,0,0.3637
8930-XOTDP,0,0,0.3827
4779-ZGICK,0,0,0.006
9534-NSXEM,0,0,0.0009
3716-BDVDB,1,1,0.986
9842-EFSYY,0,1,0.7144
9122-UMROB,0,0,0.2701
1867-BDVFH,1,1,0.905
5949-EBSQK,1,0,0.1321
4160-AMJTL,1,0,0.2447
8622-ZLFKO,0,1,0.9684
2990-IAJSV,0,0,0.0002
6064-ZATLR,0,0,0.0073
7409-KIUTL,1,1,0.8638
5505-OVWQW,0,0,0.039
3948-KXDUF,0,0,0.0024
9814-AOUDH,0,0,0.1298
7398-LXGYX,0,0,0.2091
5266-PFRQK,0,0,0.0089
1568-BEKZM,0,0,0.003
2692-PFYTJ,0,1,0.5267
2533-QVMSK,1,0,0.0191
5828-AVIPD,1,1,0.5111
2907-ILJBN,0,0,0.0752
5226-NOZFC,0,1,0.5782
7114-AEOZE,0,0,0.0106
2202-CUYXZ,1,1,0.969
3466-RITXD,0,1,0.7266
7278-CKDNC,0,1,0.7931
1956-YIFGE,0,1,0.8859
0422-UXFAP,0,0,0.1924
3733-UOCWF,0,0,0.0101
7191-ADRGF,0,0,0.1817
5709-LVOEQ,0,0,0.0057
6034-YMTOB,0,1,0.5526
6372-RFVNS,1,1,0.984
9052-DHNKM,0,0,0.0824
5609-IMCGG,0,0,0.382
2959-MJHIC,1,1,0.8903
1319-YLZJG,0,1,0.8014
7623-TRNQN,1,1,0.5185
0377-JBKKT,0,0,0.1503
1936-CZAKF,0,0,0.0285
5063-IUOKK,0,0,0.0052
8646-JCOMS,0,0,0.0339
0979-MOZQI,0,0,0.0369
1525-LNLOJ,0,0,0.0085
5759-RCVCB,1,1,0.6567
9968-FFVVH,0,0,0.0128
2266-FUBDZ,0,0,0.0075
4760-THGOT,0,0,0.3182
2307-FYNNL,0,0,0.3284
1143-NMNQJ,1,1,0.9846
1629-DQQVB,0,0,0.2014
3766-EJLFL,0,0,0.3841
8457-XIGKN,0,0,0.0624
4981-FLTMF,0,0,0.0344
7606-BPHHN,0,0,1e-04
7005-CCBKV,1,1,0.8902
4648-YPBTM,0,0,0.0085
2325-ZUSFD,1,0,0.0324
1240-KNSEZ,1,1,0.8734
0430-IHCDJ,0,1,0.8866
7957-RYHQD,1,1,0.7566
6164-HAQTX,0,0,0.0012
0749-IRGQE,0,1,0.6635
1227-UDMZR,0,0,0.0003
5473-KHBPS,0,0,0.0376
5297-MDOIR,0,0,0.0014
8873-TMKGR,0,0,1e-04
6481-ESCNL,0,0,0.2311
0463-WZZKO,0,0,0.2176
1038-RQOST,0,0,0.0214
4937-QPZPO,0,1,0.9383
3604-WLABM,0,0,0.2556
1360-XFJMR,0,0,0.0828
8717-VCTXJ,0,0,0.0008
5196-SGOAK,1,1,0.9834
8739-XNIKG,0,1,0.8899
2320-TZRRH,0,0,0.0201
5186-SAMNZ,1,1,0.9842
5760-FXFVO,0,1,0.7857
5380-WJKOV,1,1,0.9071
4703-MQYKT,0,0,0.0024
2001-MCUUW,0,0,0.4229
4947-DSMXK,0,1,0.6021
0076-LVEPS,0,0,0.0206
5566-SOEZD,0,0,0.0185
7408-OFWXJ,0,0,0.0005
1097-FSPVW,0,0,0.2696
4412-YLTKF,1,1,0.7352
0420-TXVSG,0,0,0.0034
7817-BOQPW,1,1,0.9195
0963-ZBDRN,1,1,0.7063
9685-WKZGT,1,1,0.7162
2139-FQHLM,0,0,0.314
5825-XJOCM,0,0,0.0701
0004-TLHLJ,1,1,0.8784
7529-ZDFXI,0,0,0.2672
6848-YLDFR,0,0,0.0424
5820-PTRYM,0,0,0.017
2984-RGEYA,0,0,0.0023
6434-TTGJP,0,0,0.0022
9643-AVVWI,0,1,0.8546
3506-OVLKD,0,0,0.0179
4946-EDSEW,1,0,0.0451
2924-KHUVI,0,1,0.8841
2263-SFSQZ,0,0,0.0042
5281-BUZGT,1,0,0.2673
3717-FDJFU,0,0,0.0018
2239-CFOUJ,0,0,0.0116
8699-ASUFO,1,1,0.8418
1122-YJBCS,0,0,0.0049
0628-CNQRM,1,0,0.2832
1705-GUHPV,0,0,0.0031
4877-TSOFF,0,0,0.02
7404-JLKQG,0,1,0.5844
0379-DJQHR,0,0,0.008
8993-PHFWD,1,1,0.8035
3930-ZGWVE,0,0,0.4719
1965-DDBWU,1,0,0.3542
7572-KPVKK,0,0,0.1493
6854-EXGSF,0,0,0.1923
9483-GCPWE,0,0,0.0518
8053-WWDRO,1,0,0.1308
9473-CBZOP,0,0,0.0076
3985-HOYPM,0,0,0.0017
8378-LKJAF,0,1,0.5025
1310-QRITU,0,1,0.6581
3237-AJGEH,1,1,0.6553
6542-LWGXJ,0,1,0.6329
6953-PBDIN,0,0,0.0322
6332-FBZRI,0,0,0.0619
9365-CSLBQ,0,0,0.0002
3466-WAESX,0,0,0.4028
9700-ISPUP,0,0,0.3992
5167-ZFFMM,1,1,0.973
7669-LCRSD,0,0,0.4292
0870-VEMYL,1,0,0.3903
2995-UPRYS,1,0,0.3438
3179-GBRWV,0,0,0.2763
0701-TJSEF,0,0,0.1018
1848-LBZHY,0,1,0.5354
5380-XPJNZ,0,0,0.0017
6608-QQLVK,1,1,0.9657
1475-VWVDO,0,1,0.7703
3721-CNEYS,1,1,0.7973
4299-OPXEJ,0,0,0.0399
0096-BXERS,0,1,0.5419
3055-VTCGS,0,0,0.0475
9405-GPBBG,0,0,0.0503
6704-UTUKK,0,0,0.3451
9944-AEXBM,0,1,0.5971
2545-EBUPK,0,1,0.9645
6270-OMFIW,1,0,0.4627
1852-XEMDW,0,0,0.1514
8158-WPEZG,0,0,0.3569
5198-EFNBM,0,0,0.1154
7663-RGWBC,1,1,0.7159
3970-XGJDU,0,0,0.007
6845-RGTYS,1,1,0.6708
0123-CRBRT,0,0,1e-04
6077-BDPXA,0,1,0.777
2250-IVBWA,0,0,0.0353
6137-NICCO,0,1,0.972
8129-GMVGI,0,0,0.0085
4353-HYOJD,0,0,0.0567
8671-KKKOS,0,0,0.1283
8080-DDEMJ,1,1,0.7921
6698-OXETB,0,0,0.0099
3312-UUMZW,0,1,0.5842
6376-GAHQE,1,1,0.8858
0733-VUNUW,1,0,0.0924
6733-LRIZX,0,0,0.0347
2165-VOEGB,1,0,0.0292
1853-UDXBW,1,1,0.9671
9070-BCKQP,0,0,0.0015
1035-IPQPU,0,0,0.1413
2057-ZBLPD,1,1,0.6365
6967-PEJLL,0,0,0.2974
7879-CGSFV,0,0,0.1794
2257-BOVXD,0,0,0.392
9822-BIIGN,0,0,0.1874
1136-XGEQU,0,0,0.1242
2439-LYPMQ,0,1,0.7127
6543-XRMYR,1,1,0.5859
5753-QQWPW,0,0,0.0708
4785-QRJHC,1,1,0.5997
0052-YNYOT,0,0,0.0016
7054-LGEQW,1,1,0.7726
0608-JDVEC,0,0,0.0154
6284-KMNUF,0,0,0.3321
6286-SUUWT,0,1,0.7259
3594-KADLU,0,1,0.6278
0536-ACXIP,0,0,0.0032
8869-TORSS,1,0,0.0425
0373-AIVNJ,0,0,0.1332
6429-SHBCB,0,0,0.0571
5751-USDBL,0,0,0.0064
6815-ABQFQ,0,0,0.168
9450-TRJUU,0,1,0.5373
2805-AUFQN,0,0,0.0161
7855-DIWPO,0,1,0.7804
0174-QRVVY,0,0,0.0006
9507-EXLTT,1,1,0.9821
8390-FESFV,0,0,0.0011
0661-KBKPA,0,0,0.1921
6856-RAURS,0,1,0.8072
7322-OCWHC,0,0,0.0008
2203-GHNWN,0,0,0.4217
3413-CSSTH,0,0,0.4244
3006-XIMLN,1,1,0.9502
3750-CKVKH,1,1,0.7958
0576-WNXXC,1,1,0.6291
7056-IMHCC,1,1,0.9131
0866-QLSIR,1,0,0.0272
1628-BIZYP,0,1,0.9761
2230-XTUWL,0,0,0.0057
1980-KXVPM,1,1,0.8381
8619-IJNDK,0,0,0.0009
2960-NKRSO,0,0,0.1595
6705-LXORM,0,1,0.6531
7130-VTEWQ,1,1,0.7813
9364-YKUVW,0,1,0.5101
2761-OCIAX,1,1,0.7006
7996-BPXHY,0,0,0.0034
4248-QPAVC,1,1,0.6436
9357-UJRUN,0,0,0.1377
6340-DACFT,0,0,0.0018
1023-BQXZE,0,0,0.0133
5480-HPRRX,1,1,0.8865
9576-SYUHJ,0,0,0.2431
2169-RRLFW,0,0,0.0008
8338-QIUNR,0,0,0.0032
0463-TXOAK,0,0,0.034
4396-KLSEH,0,1,0.5587
5186-EJEGL,0,0,0.3704
9334-GWGOW,0,1,0.9273
5696-JVVQY,0,0,0.0199
9633-DENPU,0,0,0.3065
0581-BXBUB,0,1,0.658
2750-BJLSB,0,0,0.0976
2770-NSVDG,0,1,0.6589
8280-MQRQN,1,1,0.9555
7851-FLGGQ,1,0,0.1638
9374-YOLBJ,0,1,0.7081
6583-SZVGP,0,1,0.8146
2150-OEGBV,0,0,0.0028
9372-TXXPS,0,0,0.0121
6933-FHBZC,0,0,0.0569
4698-KVLLG,0,0,0.0064
8752-STIVR,1,1,0.9262
8623-ULFNQ,0,1,0.557
9822-WMWVG,0,1,0.6525
4304-TSPVK,0,0,0.1516
1716-LSAMB,0,0,0.0058
3523-QRQLL,1,0,0.2896
2187-PKZAY,0,1,0.8009
1895-QTKDO,0,0,0.461
8161-QYMTT,0,1,0.9688
2955-PSXOE,1,1,0.751
6834-NXDCA,1,1,0.8387
8701-DGLVH,0,0,0.0037
2480-SQIOB,0,1,0.6522
4993-JCRGJ,0,0,0.3313
0581-MDMPW,0,0,0.4795
7789-CRUVC,0,0,0.0216
0164-APGRB,0,0,0.0027
8034-RYTVV,0,0,0.0251
3018-TFTSU,1,0,0.3233
9777-IQHWP,0,1,0.6031
6899-PPEEA,1,1,0.931
6701-YVNQG,0,0,0.0
7649-PHJVR,0,0,0.0198
9278-VZKCD,0,0,0.3584
7636-PEPNS,0,0,0.076
1575-KRZZE,0,1,0.6367
8590-OHDIW,0,0,0.0015
7764-BDPEE,0,0,0.1271
9480-BQJEI,0,0,0.0479
3354-OADJP,0,0,0.2184
3181-MIZBN,0,1,0.5488
9327-QSDED,0,1,0.5037
4892-VLANZ,1,0,0.4719
0298-XACET,0,0,0.0025
6917-FIJHC,0,0,0.0005
6557-BZXLQ,0,1,0.7273
2432-TFSMK,0,0,0.1979
4211-MMAZN,1,0,0.2701
4751-ERMAN,0,0,0.0008
8430-TWCBX,0,0,0.0112
1942-OQFRW,0,1,0.5696
4075-JFPGR,0,0,0.146
3339-EAQNV,0,0,0.0259
5329-KRDTM,0,0,0.002
0307-BCOPK,0,0,0.0008
6473-ULUHT,0,0,0.1825
1194-SPVSP,0,0,0.2527
7249-WBIYX,1,1,0.9363
2293-IJWPS,0,1,0.7671
4377-VDHYI,0,0,0.0856
0019-EFAEP,0,0,0.0009
2480-EJWYP,0,1,0.7297
8970-ANWXO,0,0,0.0173
8739-WWKDU,1,1,0.877
2171-UDMFD,0,0,0.1639
7036-TYDEC,0,0,0.0678
3831-YCPUO,0,0,0.0022
0121-SNYRK,0,0,0.0019
3325-FUYCG,1,0,0.2475
1952-DVVSW,0,0,0.063
3571-DPYUH,0,0,0.0463
2077-MPJQO,0,1,0.9031
2391-SOORI,1,1,0.5759
4086-ATNFV,0,0,0.02
3396-DKDEL,0,0,0.0402
7471-MQPOS,0,0,0.1031
7181-OQCUT,0,1,0.8877
3489-VSFRD,0,0,0.0117
6283-GITPX,0,0,0.0002
2845-HSJCY,1,1,0.8058
7216-KAOID,0,0,0.0015
6680-WKXRZ,1,1,0.8663
2346-LOCWC,0,0,0.0022
0769-MURVM,0,0,0.0002
3374-LXDEV,1,1,0.8053
5318-YKDPV,0,0,0.0033
8190-ZTQFB,0,0,0.2547
4512-ZUIYL,1,1,0.6929
3090-QFUVD,0,0,0.316
4806-KEXQR,1,1,0.8734
2369-FEVNO,0,1,0.8705
9637-CDTKZ,0,0,0.001
2954-PIBKO,0,0,0.0134
2212-LYASK,0,0,0.3963
9481-SFCQY,0,0,0.229
2828-SLQPF,0,1,0.599
4647-MUZON,0,1,0.6288
8212-DJRCH,0,1,0.84
0516-OOHAR,0,0,0.0888
4973-RLZVI,0,0,0.0465
8089-UZWLX,0,0,0.0068
9732-KPKBW,1,0,0.4951
9715-WZCLW,0,0,0.0318
0257-KXZGU,0,0,0.1854
0707-HOVVN,0,0,0.0604
5501-TVMGM,0,1,0.8578
3422-LYEPQ,1,1,0.9519
2277-VWCNI,0,1,0.6426
5461-QKNTN,0,1,0.5072
3967-KXAPS,0,0,0.0002
6919-ELBGL,0,0,0.003
8361-LTMKD,1,1,0.9002
1131-ALZWV,0,0,0.0679
5178-LMXOP,1,1,0.9872
8992-CEUEN,0,0,0.1789
3320-VEOYC,0,1,0.8104
3672-YITQD,1,1,0.8402
6080-TCMYC,0,0,0.1619
6734-FQAJX,0,0,0.1879
1063-DHQJF,0,0,0.0018
3976-NLDEZ,0,1,0.6044
1729-VLAZJ,0,0,0.0153
3400-ESFUW,1,0,0.0027
5271-YNWVR,1,0,0.0388
1587-FKLZB,1,1,0.6268
0958-YHXGP,0,1,0.6223
1494-EJZDW,0,0,0.0108
1816-FLZDK,0,0,0.4314
2075-PUEPR,0,0,0.0514
1833-TCXKK,0,1,0.6009
1436-ZMJAN,0,0,0.2335
0106-UGRDO,0,0,0.021
1069-XAIEM,1,1,0.9928
4213-HKBJO,0,0,0.0698
8345-MVDYC,0,0,0.0016
2672-OJQZP,0,0,0.3681
5136-RGMZO,0,0,0.2055
5774-QPLTF,0,0,0.0003
5240-CAOYT,0,0,0.0264
3707-GNWHM,1,1,0.9321
5159-YFPKQ,1,1,0.9338
5052-PNLOS,1,1,0.8801
6173-GOLSU,0,1,0.7336
6661-HBGWL,1,1,0.8049
8207-VVMYB,0,0,0.0031
5324-KTGCG,0,0,0.0017
7354-OIJLX,0,1,0.7952
9286-BHDQG,0,0,0.0002
3567-PQTSO,0,0,0.4115
3197-ARFOY,0,1,0.6367
5698-BQJOH,1,1,0.8125
1090-ESELR,0,0,0.0034
0056-EPFBG,0,0,0.0078
4955-VCWBI,0,0,0.0022
4717-GHADL,0,0,0.0074
0058-EVZWM,0,0,0.0437
7218-HKQFK,1,1,0.8532
5057-RKGLH,0,0,0.0054
2309-OSFEU,1,1,0.6636
3429-IFLEM,0,0,0.0003
1550-LOAHA,1,1,0.7838
1400-MMYXY,1,1,0.9833
7503-QQRVF,1,1,0.816
7504-UWHNB,0,1,0.7051
9565-JSNFM,1,0,0.1628
4735-BJKOU,0,0,0.0015
3580-GICBM,0,0,0.0092
7632-YUTXB,0,0,0.0071
9412-ARGBX,1,0,0.0039
9576-ANLXO,1,1,0.684
1110-KYLGQ,0,0,0.1039
8696-JKZNU,1,1,0.7903
8757-TFHHJ,0,0,0.3537
2955-BJZHG,1,1,0.7711
9048-JVYVF,1,0,0.304
0682-USIXD,0,1,0.5593
3884-UEBXB,0,0,0.0009
1776-SPBWV,0,0,0.0073
9050-QLROH,1,0,0.2872
2925-VDZHY,0,0,1e-04
9512-UIBFX,1,1,0.509
8676-TRMJS,1,1,0.6921
3334-CTHOL,1,1,0.7162
6331-LWDTQ,1,0,0.2542
3847-BAERP,0,0,0.103
4709-LKHYG,0,0,0.0068
8621-MNIHH,1,1,0.5041
8884-ADFVN,1,1,0.9814
2885-HIJDH,0,0,0.0016
8570-KLJYJ,0,0,0.0039
9339-FIIJL,0,0,1e-04
6223-DHJGV,0,0,0.0007
0959-WHOKV,0,0,0.3805
9610-WCESF,0,0,0.2071
9279-CJEOJ,0,1,0.8189
2985-FMWYF,0,1,0.79
3540-RZJYU,1,0,0.4306
2522-WLNSF,0,0,0.0163
6861-XWTWQ,1,1,0.9931
8735-NBLWT,0,0,0.0661
1744-JHKYS,0,0,0.036
0841-NULXI,1,1,0.9407
4016-BJKTZ,0,0,0.3052
9298-WGMRW,0,0,0.0016
7893-IXHRQ,1,0,0.4165
8785-CJSHH,0,0,0.3783
7654-YWJUF,0,0,0.1425
8909-BOLNL,0,0,0.0216
9919-FZDED,0,0,0.001
0322-CHQRU,1,0,0.3762
3587-PMCOY,0,1,0.8453
0655-RBDUG,1,1,0.9825
0983-TATYJ,0,0,0.0442
5650-YLIBA,0,1,0.5237
5144-TVGLP,0,1,0.7553
3569-EDBPQ,0,1,0.6851
4945-RVMTE,0,0,0.1298
3511-BFTJW,0,0,0.0005
5537-UXXVS,0,0,0.042
8782-NUUOL,0,0,0.0041
2865-TCHJW,1,1,0.955
9931-KGHOA,0,0,0.2084
3071-MVJCD,0,0,1e-04
7279-BUYWN,1,1,0.9656
3756-VNWDH,0,0,0.1176
1395-OFUWC,0,1,0.6636
4223-BKEOR,0,0,0.0649
0040-HALCW,0,0,0.0047
7124-UGSUR,1,0,0.1533
7395-XWZOY,0,0,0.2157
5440-VHLUL,0,1,0.8331
4706-DGAHW,0,1,0.7921
8166-ORCHU,0,0,0.0322
3978-YNKDD,0,0,0.0088
7198-GLXTC,1,1,0.8892
6366-XIVKZ,0,0,0.1103
5133-POWUA,0,1,0.8406
8400-WZICQ,0,0,0.1901
5382-SOYZL,0,1,0.8742
1989-PRJHP,1,0,0.4384
4154-AQUGT,1,1,0.7397
0980-FEXWF,0,0,0.0213
5845-BZZIB,0,0,0.0012
4840-ORQXB,0,1,0.7383
0295-PPHDO,1,1,0.9821
8775-ERLNB,0,1,0.8436
0376-YMCJC,1,1,0.7762
7410-YTJIK,1,1,0.7067
9927-DSWDF,0,1,0.7068
6681-ZSEXG,0,0,0.0116
5702-KVQRD,0,0,0.0022
8711-LOBKY,0,0,0.008
9692-TUSXH,1,1,0.9151
4012-YCFAI,0,0,0.0002
8455-HIRAQ,0,0,0.2929
7853-WNZSY,0,0,0.2555
0390-DCFDQ,1,1,0.8925
6421-SZVEM,0,0,0.1
3094-JOJAI,0,0,0.1879
4873-ILOLJ,1,1,0.7422
8181-YHCMF,0,0,0.0041
3324-OIRTO,0,0,0.003
9135-HSWOC,0,0,0.0092
2272-WUSPA,0,0,0.0027
4627-MIHJH,0,0,0.0254
3896-RCYYE,0,0,0.0838
6729-GDNGC,0,0,0.3758
9945-PSVIP,0,0,0.0013
4137-JOPHL,0,0,0.0029
2720-FVBQP,0,0,0.3948
7854-EKTJL,1,0,0.2737
1133-KXCGE,0,0,0.0461
6048-QBXKL,0,1,0.9109
6338-AVWCY,1,1,0.9081
0013-MHZWF,0,0,0.4836
9804-ICWBG,1,1,0.9731
2368-GAKKQ,0,0,0.0383
4829-AUOAX,1,1,0.6203
7876-BEUTG,0,1,0.5698
6349-JDHQP,0,0,0.0662
3063-QFSZL,1,1,0.8707
9142-XMYJH,0,0,0.0349
2609-IAICY,1,1,0.9909
8626-PTQGE,0,0,0.0032
0230-UBYPQ,0,0,0.0488
6814-ZPWFQ,0,0,0.0173
5921-NGYRH,0,0,0.0092
7803-XOCCZ,0,0,0.1386
1459-QNFQT,0,0,0.0076
3948-FVVRP,0,0,0.0986
0923-PNFUB,1,1,0.5354
4654-ULTTN,0,0,0.1548
5628-FCGYG,0,1,0.7884
0506-LVNGN,1,1,0.5278
4329-YPDDQ,0,0,0.1871
9866-OCCKE,0,0,0.0003
0794-YVSGE,0,0,0.0002
4342-HENTK,1,0,0.4981
5934-TSSAU,0,0,0.3826
9986-BONCE,1,0,0.127
5301-GAUUY,1,1,0.5324
0725-CXOTM,0,0,0.0421
2843-CQMEG,0,0,0.1683
5600-PDUJF,0,1,0.5614
4500-HKANN,0,0,0.0042
1862-QRWPE,0,0,0.004
2155-AMQRX,0,0,0.1354
0823-HSCDJ,1,1,0.6425
4090-KPJIP,0,1,0.8385
2737-YNGYW,1,1,0.8391
5619-XZZKR,0,0,0.0115
6047-YHPVI,1,1,0.7849
8375-DKEBR,1,1,0.9942
7729-XBTWX,0,0,0.015
4983-CLMLV,0,0,0.1339
9227-LUNBG,1,1,0.5701
2758-RNWXS,0,0,0.0293
7055-HNEOJ,0,1,0.5819
7134-MJPDY,0,1,0.6308
4560-WQAQW,0,0,0.0293
8532-UEFWH,0,0,0.0344
8541-QVFKM,0,1,0.8856
7129-ACFOG,0,1,0.584
2495-INZWQ,1,1,0.8872
0263-FJTQO,0,0,0.0032
0181-RITDD,0,0,0.0293
8241-JUIQO,0,0,0.0087
0913-XWSCN,0,0,0.4533
2159-TURXX,0,0,0.1634
6461-PPAXN,0,0,0.009
1452-KIOVK,0,1,0.5972
1139-WUOAH,0,0,0.006
3207-OYBWH,1,0,0.4776
8347-GDTMP,0,0,0.0022
9909-DFRJA,0,0,0.2345
6383-ZTSIW,0,0,0.1392
5438-QMDDL,0,0,0.1749
8914-RBTSB,1,0,0.2923
6164-HXUGH,0,0,0.4222
6900-RBKER,0,0,0.0507
1492-QGCLU,0,0,0.3025
6664-FPDAC,1,0,0.09
1088-AUUZZ,0,0,0.0028
6651-AZVTJ,1,1,0.7471
8219-VYBVI,0,0,0.0054
0310-MVLET,1,1,0.5328
7233-IOQNP,0,0,0.2065
7311-MQJCH,0,0,0.0165
9256-JTBNZ,0,0,0.1303
8713-IGZSO,0,0,0.2006
6821-BUXUX,1,1,0.9564
9114-DPSIA,0,0,0.0
4501-UYKBC,0,0,0.1038
2798-NYLMZ,0,1,0.5025
6711-VTNRE,1,0,0.4999
5966-EMAZU,0,0,0.0985
3627-FHKBK,1,1,0.5915
7861-UVUFT,1,1,0.6464
9824-QCJPK,0,0,0.0013
7816-VGHTO,0,0,0.0254
3794-NFNCH,0,0,0.0884
3877-JRJIP,1,1,0.9494
5228-EXCET,1,1,0.6091
6248-BSHKG,0,0,0.0003
8915-NNTRC,0,0,0.0005
3470-OBUET,0,0,0.0294
3229-USWAR,0,0,0.0561
1927-QEWMY,0,0,1e-04
6374-AFWOX,0,0,0.0037
7912-SYRQT,1,1,0.8323
2070-FNEXE,1,1,0.5686
5803-NQJZO,0,0,0.0003
5651-YLPRD,0,1,0.7913
1271-UODNO,0,0,0.0474
5014-WUQMG,0,0,0.2407
5889-JTMUL,1,1,0.7075
0788-DXBFY,0,0,0.0646
2669-QVCRG,0,0,0.432
6630-UJZMY,0,1,0.8536
5061-PBXFW,0,0,0.1025
2700-LUEVA,0,0,0.3257
3865-ZFZIB,0,0,0.0043
0471-ARVMX,0,0,0.2495
8985-OOPOS,0,0,0.0315
0719-SYFRB,1,0,0.1749
0447-BEMNG,1,0,0.2177
5630-AHZIL,0,0,0.3406
2190-BCXEC,0,1,0.6321
1559-DTODC,0,0,0.4696
3244-DCJWY,1,1,0.8651
3967-VQOGC,0,0,0.0011
0265-PSUAE,0,1,0.5597
1622-HSHSF,0,1,0.5679
9867-XOBQA,0,0,0.0115
6773-LQTVT,0,0,0.4291
4332-MUOEZ,0,0,0.1088
0023-XUOPT,1,1,0.7118
6543-CPZMK,1,1,0.7844
6418-HNFED,0,0,0.0073
1036-GUDCL,0,0,0.0369
4818-QIUFN,1,1,0.7352
0778-NELLA,1,1,0.6035
7495-OOKFY,1,1,0.8851
4737-HOBAX,0,0,0.0074
7919-ZODZZ,0,0,0.415
2988-PLAHS,0,0,0.0967
9067-SQTNS,0,0,0.0009
6483-OATDN,0,1,0.549
5469-CTCWN,1,0,0.0843
3524-WQDSG,0,1,0.6705
6968-URWQU,0,0,0.1678
8601-QACRS,1,1,0.7537
8690-UPCZI,0,0,0.0271
5331-RGMTT,0,1,0.861
1357-BIJKI,0,0,0.4964
2088-IEBAU,0,0,0.0082
0679-IDSTG,1,1,0.9864
6519-ZHPXP,0,0,0.0066
2101-RANCD,0,0,0.4844
4029-HPFVY,0,1,0.7783
1015-OWJKI,0,0,0.1251
8314-HTWVE,0,0,0.0161
5357-TZHPP,1,1,0.8918
8727-XDPUD,0,0,0.0112
9073-ZZIAY,0,0,0.0097
5181-OABFK,0,0,0.009
3812-LRZIR,0,0,0.0192
5204-HMGYF,0,0,0.0276
9950-MTGYX,0,0,0.0007
3675-EQOZA,0,0,0.1494
3646-ITDGM,0,0,0.1007
3913-FCUUW,0,0,0.0006
